{"count":1,"self":30.575606399999998,"total":31.2491278,"children":{"InitializeActuators":{"count":1,"self":0.0021008999999999997,"total":0.0021008999999999997,"children":null},"InitializeSensors":{"count":1,"self":0.0010345999999999999,"total":0.0010345999999999999,"children":null},"AgentSendState":{"count":57451,"self":0.0906602,"total":0.17103649999999998,"children":{"CollectObservations":{"count":11491,"self":0.031132999999999997,"total":0.031132999999999997,"children":null},"WriteActionMask":{"count":11491,"self":0.008017,"total":0.008017,"children":null},"RequestDecision":{"count":11491,"self":0.0412263,"total":0.0412263,"children":null}}},"DecideAction":{"count":57451,"self":0.173152,"total":0.173152,"children":null},"AgentAct":{"count":57451,"self":0.3254958,"total":0.3254958,"children":null}},"gauges":{"Manipulator.CumulativeReward":{"count":12,"max":-7.40009737,"min":-49.9976158,"runningAverage":-46.44782,"value":-49.9976158,"weightedAverage":-49.3979149}},"metadata":{"timer_format_version":"0.1.0","start_time_seconds":"1709464377","unity_version":"2022.3.17f1","command_line_arguments":"D:\\Program Files\\Unity\\Hub\\Editor\\2022.3.17f1\\Editor\\Unity.exe -projectpath D:\\0Desktop\\0maga 3 sem\\AI\\0\\0Robot\\AI_RL_Robots -useHub -hubIPC -cloudEnvironment production","communication_protocol_version":"1.5.0","com.unity.ml-agents_version":"3.0.0-exp.1","scene_name":"SampleScene","end_time_seconds":"1709464408"}}